Year,Name,Director,Cast_1,Cast_2,Cast_3,Studio,Language
2025,The Rabbit House,Vaibhav Kulkarni,Amit Riyaan, Karishma," Padmanabh, Gagan Pradeep, Preeti Sharma, Suresh Kumbhar",Geetai Productions,hindi
2025,Fateh,Sonu Sood,Sonu Sood, Naseeruddin Shah, Jacqueline Fernandez,"Zee Studios, Shakti Sagar Productions",hindi
2025,Match Fixing,Kedar Gaekwad,Vineet Kumar Singh, Raj Arjun," Shataf Figar, Anuja Sathe",Artarena Creations,hindi
2025,Emergency,Kangana Ranaut,Kangana Ranaut, Anupam Kher," Shreyas Talpade, Mahima Chaudhry, Milind Soman, Satish Kaushik","Zee Studios, Manikarnika Films",hindi
2025,Azaad,Abhishek Kapoor,Ajay Devgn, Diana Penty," Aaman Devgan, Rasha Thadani, Mohit Malik, Piyush Mishra","RSVP Movies, Guy In The Sky Pictures",hindi
2025,Mission Grey House,Naushad Siddiqui,Abeer Khan, Puja Sharma," Rajesh Sharma, Kiran Kumar, Nikhat Khan, Kamlesh Sawant, Raza Murad","Reliance Entertainment, Rafat Films Entertainment",hindi
2025,Sangee,Sumit Kulkarni,Sharib Hashmi, Sanjay Bishnoi," Gaurav More, Vidya Malvade, Shyamraj Patil, Martin Jishil","Yantrana Films, Armoks Films",hindi
2025,Hisaab Barabar,Ashwni Dhir,R. Madhavan, Neil Nitin Mukesh," Kirti Kulhari, Rashami Desai","Jio Studios, SP Cinecorp, ZEE5",hindi
2025,Sky Force,Sandeep KewlaniAbhishek Anil Kapur,Akshay Kumar, Veer Pahariya," Sara Ali Khan, Nimrat Kaur","Jio Studios, Maddock Films, Leo Films",hindi
2025,Sweet Dreams,Victor Mukherjee,Amol Parashar, Mithila Palkar,,"Jio Studios, Mango People Media, Disney+Hotstar",hindi
2025,The Storyteller,Anant Mahadevan,Paresh Rawal, Adil Hussain," Revathi, Tannishtha Chatterjee","Jio Studios, Purpose Entertainment, Quest Films, Disney+Hotstar",hindi
2025,Deva,Rosshan Andrrews,Shahid Kapoor, Pooja Hegde,,"Zee Studios, Roy Kapur Films",hindi
2025,Loveyapa,Advait Chandan,Khushi Kapoor, Junaid Khan,,"Zee Studios, Phantom Studios, AGS Entertainment",hindi
2025,Badass Ravi Kumar,Keith Gomes,Himesh Reshammiya, Prabhu Deva," Kirti Kulhari, Sonia Kapoor, Rajesh Sharma, Johny Lever, Navneet Nishan, Manish Wadhwa, Sanjay Mishra, Anil George",Himesh Reshammiya Melodies,hindi
2025,Mrs.,Aarti Kadav,Sanya Malhotra, Nishant Dahiya, Kanwaljit Singh,"Jio Studios, Baweja Studios, ZEE5",hindi
2025,The Mehta Boys,Boman Irani,Boman Irani, Avinash Tiwary,,"Irani Movietone, Chalkboard Entertainment, Amazon Prime Video",hindi
2025,Bobby Aur Rishi Ki Love Story,Kunal Kohli,Vardhan Puri, Kaveri Kapur,,"Jio Studios, The Production Headquarters, The Indian Scion Production, Disney+Hotstar",hindi
2025,Chhaava,Laxman Utekar,Vicky Kaushal, Rashmika Mandanna, Akshaye Khanna,Maddock Films,hindi
2025,Dhoom Dhaam,Rishab Seth,Pratik Gandhi, Yami Gautam,,"Jio Studios, B62 Studios, Netflix",hindi
2025,Mere Husband Ki Biwi,Mudassar Aziz,Arjun Kapoor, Rakul Preet Singh, Bhumi Pednekar,Pooja Entertainment,hindi
2025,Kaushaljis vs Kaushal,Seemaa Desai,Ashutosh Rana, Sheeba Chadha," Isha Talwar, Pavail Gulati","Jio Studios, Merry Go Round Studios, Mumbai Talkeez, JioHotstar",hindi
2025,Shaila,Saki Shah,Rohit Chaudhary, Sara Khan," Sonam Arora, Aadhvikaa, Durvesh Rameshwaram, Hussain Khan, Ketan Raj Sharma","Reliance Entertainment, Riyom Films",hindi
2025,Crazxy,Girish Kohli,Sohum Shah,,,Sohum Shah Films,hindi
2025,Superboys of Malegaon,Reema Kagti,Adarsh Gourav, Vineet Kumar Singh," Shashank Arora, Anuj Singh Duhan","Amazon MGM Studios, Excel Entertainment, Tiger Baby Films",hindi
2025,Dil Dosti Aur Dogs,Viral Shah,Neena Gupta, Masumeh Makhija," Sharad Kelkar, Kunaal Roy Kapur, Keerti Gaekwad Kelkar, Tinu Anand, Ehan Bhat, Tridha Choudhury","Jio Studios, The Creative Tribe, JioHotstar",hindi
2025,Nadaaniyan,Shauna Gautam,Ibrahim Ali Khan, Khushi Kapoor," Mahima Chaudhry, Suniel Shetty, Dia Mirza, Jugal Hansraj","Dharmatic Entertainment, Netflix",hindi
2025,Riwaj,Manoj Sati,Myra Sareen, Aftab Shivdasani," Adhvik Mahajan, Mithun Chakraborty, Anita Raj, Jaya Prada","Kashish Khan Production, ZEE5",hindi
2025,The Diplomat,Shivam Nair,John Abraham, Sadia Khateeb," Revathy, Kumud Mishra","T-Series Films, JA Entertainment, Wakaoo Films, Fortune Pictures",hindi
2025,My Melbourne,Kabir KhanRima DasOnirImtiaz Ali,Ryanna Skye, Kat Stewart," Jake Ryan, Arushi Sharma, Jackson Gallagher, Arka Das","Screen Australia, VicScreen, Mind Blowing Entertainment, Mind Blowing World, Soundfirm Post Production, Anticlock Films, Flying River Films, Window Seat Films, Kabir Khan Films",hindi
2025,Be Happy,Remo D'Souza,Abhishek Bachchan, Nora Fatehi," Nassar, Inayat Verma, Johnny Lever, Harleen Sethi","Remo D'Souza Entertainment, Amazon Prime Video",hindi
2025,Inn Galiyon Mein,Avinash Das,Vivaan Shah, Avantika Dassani, Javed Jaffrey,Yadunath Films,hindi
2025,Aachari Baa,Hardik Gajjar,Neena Gupta, Vatsal Sheth," Apoorva Arora, Kabir Bedi","Jio Studios, Hardik Gajjar Films, Backbencher Pictures",hindi
2025,Baida,Puneet Sharma,Sudhanshu Rai, Manisha Rai, Shobhit Sujay,MNM Entertainment,hindi
2025,Tumko Meri Kasam,Vikram Bhatt,Anupam Kher, Ishwak Singh," Adah Sharma, Esha Deol",Indira Entertainment,hindi
2025,Pintu Ki Pappi,Shiv Hare,Shushant, Jaanyaa Joshi," Viidhi, Ganesh Acharya, Murali Sharma, Vijay Raaz","Mythri Movie Makers, V2S Production & Entertainment",hindi
2025,Sikandar,AR Murugadoss,Salman Khan, Kajal Aggarwal," Rashmika Mandanna, Sathyaraj, Prateik Babbar","Nadiadwala Grandson Entertainment, Salman Khan Films",hindi
2025,Jaat,Gopichand Malineni,Sunny Deol, Randeep Hooda," Regina Cassandra, Saiyami Kher","Mythri Movie Makers, People Media Factory",hindi
2025,Chhorii 2,Vishal Furia,Nushrratt Bharuccha, Soha Ali Khan," Gashmeer Mahajani, Saurabh Goyal, Pallavi Ajay, Kuldeep Sareen, Hardika Sharma","T-Series Films, Abundantia Entertainment, Pshych Film, Tamarisk Lane, Amazon Prime Video",hindi
2025,Kesari Chapter 2,Karan Singh Tyagi,Akshay Kumar, R. Madhavan, Ananya Panday,"Dharma Productions, Cape Of Good Films, Leo Media Collective",hindi
2025,Logout,Amit Golani,Babil Khan, Rasika Dugal," Gandharv Dewan, Nimisha Nair","Viacom18 Studios, Posham Pa Pictures, ZEE5",hindi
2025,The Secret of Devkaali,Niraj Chauhan,Niraj Chauhan, Bhumika Gurung," Mahesh Manjrekar, Ramkrishan Dhakad",Chauhan Production,hindi
2025,Ground Zero,Tejas Prabha Vijay Deoskar,Emraan Hashmi, Sai Tamhankar," Zoya Hussain, Mukesh Tiwari, Lalit Prabhakar","Excel Entertainment, Dreamzkrraft Entertainment, Talisman Films",hindi
2025,Jewel Thief,Kookie GulatiRobbie Garewal,Saif Ali Khan, Jaideep Ahlawat," Nikita Dutta, Kunal Kapoor","Marflix Pictures, Netflix",hindi
2025,Phule,Anant Mahadevan,Pratik Gandhi, Patralekha,,"Zee Studios, Dancing Shiva Films, Kingsmen Productions",hindi
2025,Oye Bhootni Ke,Ajay Kailash Yadav,Mahaakshay Chakraborty, Nikita Sharma," Diana Khan, Ashoka Thackur, Chahat Mughal","Sahatyam Films, Vision Motion Films",hindi
2025,Raid 2,Raj Kumar Gupta,Ajay Devgn, Riteish Deshmukh, Vaani Kapoor,"T-Series Films, Panorama Studios",hindi
2025,The Bhootnii,Sidhaant Sachdev,Sanjay Dutt, Mouni Roy," Sunny Singh, Palak Tiwari, Beyounick, Aasif Khan","Soham Rockstar Entertainment, Three Dimension Motion Pictures",hindi
2025,Costao,Sejal Shah,Nawazuddin Siddiqui, Priya Bapat, Kishore Kumar GGagan Dev Riar,"Bhanushali Studios, Bombay Fables, ZEE5",hindi
2025,The Networker,Vikas Kumar Vishwakarma,Vikram Kochhar, Durgesh Kumar," Ishtiyak Khan, Rishabh Pathak, Brijendra Kala, Vindhya Tiwari, Nikhat Khan","Gutargoo Entertainment, Navritu Films",hindi
2025,Romeo S3,Guddu Dhanoa,Thakur Anoop Singh, Palak Tiwari,,"Pen Studios, Wild River Pictures",hindi
2025,Bhool Chuk Maaf,Karan Sharma,Rajkummar Rao, Wamiqa Gabbi,,"Amazon MGM Studios, Maddock Films",hindi
2025,Kapkapiii,Sangeeth Sivan,Tusshar Kapoor, Shreyas Talpade," Jay Thakkar, Siddhi Idnani","Zee Studios, Bravo Entertainment",hindi
2025,Pune Highway,Rahul da CunhaBugs Bhargava Krishna,Jim Sarbh, Amit Sadh," Manjari Fadnis, Ketaki Narayan","Drop D Films, Ten Years Younger Productions",hindi
2025,Kesari Veer,Prince Dhiman,Suniel Shetty, Vivek Oberoi," Sooraj Pancholi, Akansha Sharma",Chauhan Studios,hindi
2025,Chidiya,Mehran Amrohi,Vinay Pathak, Amruta Subhash Svar Kamble, Ayush Pathak,"Smiley Films, Key Media Works",hindi
2025,Interrogation,Ajoy Varma Raja,Manu Singh, Rajpal Yadav Darshan Jariwala," Yashpal Sharm, Girish Kulkarni","Aryan Brothers Entertainment Film, Naam Mein Kya Rakha Hai Production, ZEE5",hindi
2025,Stolen,Karan Tejpal,Abhishek Banerjee, Harish Khanna," Mia Maelzer, Sahidur Rahaman, Shubham Vardhan","Jungle Book Studio, Amazon Prime Video",hindi
2025,Housefull 5,Tarun Mansukhani,Akshay Kumar, Riteish Deshmukh," Sanjay Dutt, Abhishek Bachchan, Nana Patekar, Fardeen Khan, Dino Morea, Chunky Pandey, Jackie Shroff, Nikitin Dheer, Shreyas Talpade, Ranjeet, Johnny Lever, Jacqueline Fernandez, Nargis Fakhri, Sonam Bajwa, Chitrangda Singh, Soundarya Sharma",Nadiadwala Grandson Entertainment,hindi
2025,Sitaare Zameen Par,R. S. Prasanna,Aamir Khan, Genelia Deshmukh,,Aamir Khan Productions,hindi
2025,Detective Sherdil,Ravi Chhabriya,Diljit Dosanjh, Diana Penty," Boman Irani, Chunky Panday, Ratna Pathak Shah, Banita Sandhu, Sumeet Vyas","AAZ Films, Offside Entertainment, Maurya Entertainment, ZEE5",hindi
2025,Maa,Vishal Furia,Kajol, Ronit Roy," Indraneil Sengupta, Kherin Sharma","Jio Studios, Devgn Films, Panorama Studios",hindi
2025,Well Done CA Sahab!,Sarvesh Kumar Singh,Gopal Datt, Gaurav Paswala," Jyoti Kapoor, Sayandeep Sengupta, Nishma Soni, Archan Trivedi, Makrand Shukla, Samar Jajoriya, Sam Jajoriya, Rama Krishna Dixit",Figures and Frames,hindi
2025,Metro... In Dino,Anurag Basu,Aditya Roy Kapur, Sara Ali Khan," Anupam Kher, Neena Gupta, Pankaj Tripathi, Konkona Sen Sharma, Ali Fazal, Fatima Sana Shaikh","T-Series Films, Anurag Basu Productions",hindi
2025,Kaalidhar Laapata,Madhumita,Abhishek Bachchan, Daivik Bhagela, Mohammed Zeeshan Ayyub,"Zee Studios, Emmay Entertainment, ZEE5",hindi
2025,Akshardham: Operation Vajra Shakti,Ken Ghosh,Akshaye Khanna Gautam Rode, Vivek Dahiya," Akshay Oberoi, Abhilash Chaudhary, Parvin Dabas, Samir Soni, Abhimanyu Singh, Mir Sarwar, Manjari Fadnis, Chandan Roy, Shivam Bhaargava","Zee Studios, Contiloe Pictures",hindi
2025,Maalik,Pulkit,Rajkummar Rao, Manushi Chhillar, Prosenjit Chatterjee,"Tips Industries, Northern Lights Films",hindi
2025,Aankhon Ki Gustaakhiyan,Santosh Singh,Vikrant Massey, Shanaya Kapoor,,"Zee Studios, Mini Films",hindi
2025,Aap Jaisa Koi,Vivek Soni,R. Madhavan, Fatima Sana Shaikh,,"Dharmatic Entertainment, Netflix",hindi
2025,Saiyaara,Mohit Suri,Ahaan Panday, Aneet Padda,,Yash Raj Films,hindi
2025,Tanvi the Great,Anupam Kher,Anupam Kher, Shubhangi Dutt," Iain Glen, Boman Irani, Jackie Shroff, Arvind Swami, Pallavi Joshi, Karan Tacker, Nassar","Excel Entertainment, NFDC, Anupam Kher Studio",hindi
2025,Nikita Roy,Kussh Sinha,Sonakshi Sinha, Arjun Rampal," Paresh Rawal, Suhail Nayyar","Nicky Vicky Bhagnani Films, Kratos Entertainment, Nikita Pai Films",hindi
2025,Murderbaad,Arnab Chatterjee,Nakul Roshan Sahdev, Kanikka Kapur," Sharib Hashmi, Amole Gupte, Saloni Batra","Reliance Entertainment, ACjee Entertainment",hindi
2025,Sant Tukaram,Aditya Om,Subodh Bhave, Sheena Chohan," Sanjay Mishra, Arun Govil",Curzon Films,hindi
2025,Mahavatar Narsimha,Ashwin Kumar,Animated characters,,,"Hombale Films, Kleem Productions",hindi
2025,So Long Valley,Man Singh,Tridha Choudhury, Akanksha Puri," Vikram Kochhar, Alisha Parveen, Pankaj Choudhary",Sourya Studios,hindi
2025,Sarzameen,Kayoze Irani,Prithviraj Sukumaran, Kajol, Ibrahim Ali Khan,"Star Studios, Dharma Productions, JioHotstar",hindi
2025,Rasa,Angith JayarajPreetish Jayaraj,Shishir Sharma, Rishi Bissa," Vishishtha Chawla, Rajiv Kumar","Purnam Films, Haroon Rashid Films, Vidya Entertainment",hindi
2025,Dhadak 2,Shazia Iqbal,Siddhant Chaturvedi, Triptii Dimri,,"Zee Studios, Dharma Productions, Cloud 9 Pictures",hindi
2025,Son of Sardaar 2,Vijay Kumar Arora,Ajay Devgn, Mrunal Thakur, Ravi Kishan,"Jio Studios, Devgn Films, YRV Studios",hindi
2025,Andaaz 2,Suneel Darshan,Aayush Kumar, Akaisha, Natasha Fernandez,Shree Krishna International,hindi
2025,Udaipur Files,Bharat Shrinat,Vijay Raaz, Rajneesh Duggal," Preeti Jhangiani, Kanchi Singh, Kamlesh Sawant",Jani Firefox Films,hindi
2025,Ghich Pich,Ankur Singla,Nitesh Pandey, Satyajit Sharma," Geeta Agrawal Sharma, Kabir Nanda, Aryan Singh Rana, Shhivam Kakar","Barsaati Films, Platoon One Films",hindi
2025,War 2,Ayan Mukerji,Hrithik Roshan, N. T. Rama Rao Jr.Kiara Advani,,Yash Raj Films,hindi
2025,Tehran,Arun Gopalan,John Abraham, Neeru Bajwa, Manushi Chhillar,"Maddock Films, Bake My Cake Films, ZEE5",hindi
2025,Param Sundari,Tushar Jalota,Sidharth Malhotra, Janhvi Kapoor,,Maddock Films,hindi
2025,Songs of Paradise,Danish Renzu,Soni Razdan, Saba Azad," Zain Khan Durrani, Sheeba Chaddha, Taaruk Raina","Excel Entertainment, Renzu Films, Apple Tree Pictures, Amazon Prime Video",hindi
2025,Baaghi 4,A. Harsha,Tiger Shroff, Sanjay Dutt," Sonam Bajwa, Harnaaz Sandhu",Nadiadwala Grandson Entertainment,hindi
2025,The Bengal Files,Vivek Agnihotri,Mithun Chakraborty, Anupam Kher," Puneet Issar, Govind Namdev, Babbu Maan, Pallavi Joshi, Palomi Ghosh","Abhishek Agarwal Arts, I Am Buddha",hindi
2025,Inspector Zende,Chinmay Mandlekar,Manoj Bajpayee, Jim Sarbh," Bhalchandra Kadam, Sachin Khedekar, Girija Oak, Harish Dudhade","Northern Lights Films, Netflix",hindi
2025,Ufff Yeh Siyapaa,G. Ashok,Soham Shah, Nushrratt Bharuccha," Nora Fatehi, Omkar Kapoor, Sharib Hashmi",Luv Films,hindi
2025,Humans in the Loop,Aranya Sahay,Sonal Madhushankar, Ridhima Singh, Gita Guha,"Storiculture, Museum of Imagined Futures, SAUV Films",hindi
2025,Heer Express,Umesh Shukla,Divita Juneja, Ashutosh Rana," Sanjay Mishra, Gulshan Grover, Prit Kamani","Tulip Entertainment, Divisa Entertainment, Merry Go Round Studios",hindi
2025,Love in Vietnam,Rahat Shah Kazmi,Shantanu Maheshwari, Avneet Kaur, Khả Ngân,"Zee Studios, Blue Lotus Creatives, Innovations India, Rahat Kazmi Film Studios, Zebaish Entertainment, Tariq Khan Productions, Mango Tree Entertainment",hindi
2025,Ek Chatur Naar,Umesh Shukla,Divya Khosla Kumar, Neil Nitin Mukesh,,"T-Series Films, Merry Go Round Studios",hindi
2025,Jugnuma: The Fable,Raam Reddy,Manoj Bajpayee, Deepak Dobriyal," Priyanka Bose, Tillotama Shome, Hiral Sidhu, Awan Pookot","Prspctvs Productions, Maxmedia, Flip Films, Sikhya Entertainment",hindi
2025,Aabeer Gulaal,Aarti S. Bagdi,Fawad Khan, Vaani Kapoor,,"A Richer Lens Entertainment, Aarjay Pictures",hindi
2025,Mannu Kya Karegga,Ssanjay Tripaathy,Vyom Yadav, Saachi Bindra," Vinay Pathak, Kumud Mishra, Rajesh Kumar, Charu Shankar, Brijendra Kala",Curious Eyes Cinema,hindi
2025,Jolly LLB 3,Subhash Kapoor,Akshay Kumar, Arshad Warsi," Huma Qureshi, Amrita Rao, Saurabh Shukla, Gajraj Rao","Star Studio18, Kangra Talkies",hindi
2025,Nishaanchi,Anurag Kashyap,Aaishvary Thackeray, Vedika Pinto," Monika Panwar, Mohammed Zeeshan Ayyub","Amazon MGM Studios, JAR Pictures, Flip Films",hindi
2025,Ajey: The Untold Story of a Yogi,Ravindra Gautam,Anant Joshi, Paresh Rawal, Dinesh Lal Yadav,Samrat Cinematics,hindi
2025,Homebound,Neeraj Ghaywan,Ishaan Khatter, Vishal Jethwa, Janhvi Kapoor,Dharma Productions,hindi
2025,Tu Meri Poori Kahani,Suhrita Das,Arhaan Pateel, Shammi Duhan, Hirranya Ojha,Indira Entertainment,hindi
2025,Sunny Sanskari Ki Tulsi Kumari,Shashank Khaitan,Varun Dhawan, Janhvi Kapoor," Sanya Malhotra, Rohit Saraf","Dharma Productions, Mentor Disciple Entertainment",hindi
2025,Lord Curzon Ki Haveli,Anshuman Jha,Arjun Mathur, Rasika Dugal," Tanmay Dhanania, Zoha Rahman","Golden Ratio Films, First Ray Films, Jetty Productions",hindi
2025,Controll,Safdar Abbas,Thakur Anoop Singh, Rohit Roy, Priya Anand,"Pen Studios, Yashi Studios",hindi
2025,Bhagwat: Chapter One – Raakshas,Akshay Shere,Arshad Warsi, Jitendra Kumar, Ayesha Kaduskar,"Jio Studios, Baweja Studios, Dog ‘n’ Bone Pictures. ZEE5",hindi
2025,Greater Kalesh,Aditya Chandiok,Ahsaas Channa, Supriya Shukla,,"Terrible Tinny Tales, Netflix",hindi
2025,WingMan,Anuj Gulati,Shashank Arora, Trimala Adhikari, Auritra Ghosh,Lionsgate Play,hindi
2025,Thamma,Aditya Sarpotdar,Ayushmann Khurrana, Rashmika Mandanna," Nawazuddin Siddiqui, Paresh Rawal",Maddock Films,hindi
2025,Ek Deewane Ki Deewaniyat,Milap Zaveri,Harshvardhan Rane, Sonam Bajwa,,"Desi Movies Factory, Play DMF",hindi
2025,The Taj Story,Tushar Amrish Goel,Paresh Rawal, Zakir Hussain," Amruta Khanvilkar, Sneha Wagh, Namit Das",Swarnim Global Services,hindi
2025,Single Salma,Nachiket Samant,Huma Qureshi, Sunny Singh, Shreyas Talpade,"Star Studio18, Elemen3 Entertainment",hindi
2025,Haq,Suparn Verma,Emraan Hashmi, Yami Gautam,,"Junglee Pictures, Insomnia Films, Baweja Studios",hindi
2025,Jatadhara,Venkat KalyanAbhishek Jaiswal,Sudheer Babu, Sonakshi Sinha, Divya Khosla Kumar,"Zee Studios, Ess Kay Gee Entertainment, Sudheer Babu Productions",hindi
2025,Jassi Weds Jassi,Paran Bawa,Harshh Vardhan Singh Deo, Rehmat Rattan," Ranvir Shorey, Sikandar Kher, Manu Rishi Chadha",Divinity Studio,hindi
2025,Baramulla,Aditya Suhas Jambhale,Manav Kaul, Bhasha Sumbli,,"Jio Studios, B62 Studios, Netflix",hindi
2025,De De Pyaar De 2,Anshul Sharma,Ajay Devgn, R. Madhavan, Rakul Preet Singh,"T-Series Films, Luv Films",hindi
2025,Agra,Kanu Behl,Mohit Agarwal, Priyanka Bose," Ruhani Sharma, Rahul Roy","Saregama, UFO Moviez, O28 Films",hindi
2025,Delhi,Devendra Malviya,Brijendra Kala, Samar Jai Singh, Siddharth Bharadwaj,Midas Touch Films,hindi
2025,Kaal Trighori,Nitin Vaidya,Arbaaz Khan, Rituparna Sengupta," Mahesh Manjrekar, Aditya Srivastava, Mugdha Godse, Rajesh Sharma","Pen Studios, Navin Productions",hindi
2025,Nishaanchi 2,Anurag Kashyap,Aaishvary Thackeray, Vedika Pinto," Monika Panwar, Mohammed Zeeshan Ayyub","Amazon MGM Studios, JAR Pictures, Flip Films, Amazon Prime Video",hindi
2025,Bahadur,Razneesh ‘Razy’ Ghai,Farhan Akhtar, Raashii Khanna,,"Excel Entertainment, Trigger Happy Studios",hindi
2025,Mastiii 4,Milap Zaveri,Riteish Deshmukh, Vivek Oberoi," Aftab Shivdasani, Arshad Warsi, Tusshar Kapoor, Shreya Sharma, Elnaaz Norouzi, Ruhi Singh","Balaji Motion Pictures, Waveband Production, Maruti International",hindi
2025,Tere Ishk Mein,Aanand L. Rai,Dhanush, Kriti Sanon,,"T-Series Films, Colour Yellow Productions",hindi
2025,Gustaakh Ishq,Vibhu Puri,Naseeruddin Shah, Fatima Sana Shaikh," Vijay Varma, Sharib Hashmi",Stage 5 Productions,hindi
2025,Me No Pause Me Play,Samar K Mukharjee,Kamya Panjabi, Deepshikha Nagpal," Manoj Kumar Sharma, Aman Verma, Sudha Chandran","Digi Filming, Mirrro Films",hindi
2025,Kaisi Ye Paheli,Ananyabrata Chakravorty,Rajit Kapoor, Sukant Goel," Chittaranjan Giri, Sadhana Singh",Take Pictures,hindi
2025,Dhurandhar,Aditya Dhar,Ranveer Singh, Akshaye Khanna," Sanjay Dutt, Arjun Rampal, R. Madhavan, Sara Arjun, Rakesh Bedi","Jio Studios, B62 Studios",hindi
2025,Kis Kisko Pyaar Karoon 2,Anukalp Goswami,Kapil Sharma, Manjot Singh," Hira Warina, Tridha Choudhury, Parul Gulati, Ayesha Khan","Star Studio18, Venus Worldwide Entertainment, Abbas-Mustan Film Production",hindi
2025,Saali Mohabbat,Tisca Chopra,Radhika Apte, Divyenndu," Anshumaan Pushkar, Anurag Kashyap","Stage 5 Prdoction, Jio Studios, ZEE5",hindi
2025,The Great Shamsuddin Family,Anusha Rizvi,Kritika Kamra, Shreya Dhanwanthary," Sheeba Chaddha, Farida Jalal, Purab Kohli","Star Studio18, Third World Films Production, JioHotstar",hindi
2025,Raat Akeli Hai: The Bansal Murders,Honey Trehan,Nawazuddin Siddiqui, Radhika Apte," Chitrangada Singh, Rajat Kapoor, Revathi, Deepti Naval, Sanjay Kapoor","RSVP Movies, MacGuffin Pictures",hindi
2025,Durlabh Prasad Ki Dusri Shadi,Siddhant Raj Singh,Sanjay Mishra, Mahima Chaudhry,,Eksha Entertainment,hindi
2025,Tu Meri Main Tera Main Tera Tu Meri,Sameer Vidwans,Kartik Aaryan, Ananya Panday," Neena Gupta, Jackie Shroff","Dharma Productions, Namah Pictures",hindi
