Name,Director,Cast,Studio,Table
The Rabbit House,Vaibhav Kulkarni,"Amit RiyaanKarishmaPadmanabh, Gagan PradeepPreeti SharmaSuresh Kumbhar",Geetai Productions,3
Fateh,Sonu Sood,Sonu SoodNaseeruddin ShahJacqueline Fernandez,"Zee Studios, Shakti Sagar Productions",3
Match Fixing,Kedar Gaekwad,Vineet Kumar SinghRaj ArjunShataf FigarAnuja Sathe,Artarena Creations,3
Emergency,Kangana Ranaut,Kangana RanautAnupam KherShreyas TalpadeMahima ChaudhryMilind SomanSatish Kaushik,"Zee Studios, Manikarnika Films",3
Azaad,Abhishek Kapoor,Ajay DevgnDiana PentyAaman DevganRasha ThadaniMohit MalikPiyush Mishra,"RSVP Movies, Guy In The Sky Pictures",3
Mission Grey House,Naushad Siddiqui,Abeer KhanPuja SharmaRajesh SharmaKiran KumarNikhat KhanKamlesh SawantRaza Murad,"Reliance Entertainment, Rafat Films Entertainment",3
Sangee,Sumit Kulkarni,Sharib HashmiSanjay BishnoiGaurav MoreVidya MalvadeShyamraj PatilMartin Jishil,"Yantrana Films, Armoks Films",3
Hisaab Barabar,Ashwni Dhir,R. MadhavanNeil Nitin MukeshKirti KulhariRashami Desai,"Jio Studios, SP Cinecorp, ZEE5",3
Sky Force,Sandeep KewlaniAbhishek Anil Kapur,Akshay KumarVeer PahariyaSara Ali KhanNimrat Kaur,"Jio Studios, Maddock Films, Leo Films",3
Sweet Dreams,Victor Mukherjee,Amol ParasharMithila Palkar,"Jio Studios, Mango People Media, Disney+Hotstar",3
The Storyteller,Anant Mahadevan,Paresh RawalAdil HussainRevathiTannishtha Chatterjee,"Jio Studios, Purpose Entertainment, Quest Films, Disney+Hotstar",3
Deva,Rosshan Andrrews,Shahid KapoorPooja Hegde,"Zee Studios, Roy Kapur Films",3
Loveyapa,Advait Chandan,Khushi KapoorJunaid Khan,"Zee Studios, Phantom Studios, AGS Entertainment",3
Badass Ravi Kumar,Keith Gomes,Himesh ReshammiyaPrabhu DevaKirti KulhariSonia KapoorRajesh SharmaJohny LeverNavneet NishanManish WadhwaSanjay MishraAnil George,Himesh Reshammiya Melodies,3
Mrs.,Aarti Kadav,Sanya MalhotraNishant DahiyaKanwaljit Singh,"Jio Studios, Baweja Studios, ZEE5",3
The Mehta Boys,Boman Irani,Boman IraniAvinash Tiwary,"Irani Movietone, Chalkboard Entertainment, Amazon Prime Video",3
Bobby Aur Rishi Ki Love Story,Kunal Kohli,Vardhan PuriKaveri Kapur,"Jio Studios, The Production Headquarters, The Indian Scion Production, Disney+Hotstar",3
Chhaava,Laxman Utekar,Vicky KaushalRashmika MandannaAkshaye Khanna,Maddock Films,3
Dhoom Dhaam,Rishab Seth,Pratik GandhiYami Gautam,"Jio Studios, B62 Studios, Netflix",3
Mere Husband Ki Biwi,Mudassar Aziz,Arjun KapoorRakul Preet SinghBhumi Pednekar,Pooja Entertainment,3
Kaushaljis vs Kaushal,Seemaa Desai,Ashutosh RanaSheeba ChadhaIsha TalwarPavail Gulati,"Jio Studios, Merry Go Round Studios, Mumbai Talkeez, JioHotstar",3
Shaila,Saki Shah,Rohit ChaudharySara KhanSonam AroraAadhvikaaDurvesh RameshwaramHussain KhanKetan Raj Sharma,"Reliance Entertainment, Riyom Films",3
Crazxy,Girish Kohli,Sohum Shah,Sohum Shah Films,3
Superboys of Malegaon,Reema Kagti,Adarsh GouravVineet Kumar SinghShashank AroraAnuj Singh Duhan,"Amazon MGM Studios, Excel Entertainment, Tiger Baby Films",3
Dil Dosti Aur Dogs,Viral Shah,Neena GuptaMasumeh MakhijaSharad KelkarKunaal Roy KapurKeerti Gaekwad KelkarTinu AnandEhan BhatTridha Choudhury,"Jio Studios, The Creative Tribe, JioHotstar",3
Nadaaniyan,Shauna Gautam,Ibrahim Ali KhanKhushi KapoorMahima ChaudhrySuniel ShettyDia MirzaJugal Hansraj,"Dharmatic Entertainment, Netflix",3
Riwaj,Manoj Sati,Myra SareenAftab ShivdasaniAdhvik MahajanMithun ChakrabortyAnita RajJaya Prada,"Kashish Khan Production, ZEE5",3
The Diplomat,Shivam Nair,John AbrahamSadia KhateebRevathyKumud Mishra,"T-Series Films, JA Entertainment, Wakaoo Films, Fortune Pictures",3
My Melbourne,Kabir KhanRima DasOnirImtiaz Ali,Ryanna SkyeKat StewartJake RyanArushi SharmaJackson GallagherArka Das,"Screen Australia, VicScreen, Mind Blowing Entertainment, Mind Blowing World, Soundfirm Post Production, Anticlock Films, Flying River Films, Window Seat Films, Kabir Khan Films",3
Be Happy,Remo D'Souza,Abhishek BachchanNora FatehiNassarInayat VermaJohnny LeverHarleen Sethi,"Remo D'Souza Entertainment, Amazon Prime Video",3
Inn Galiyon Mein,Avinash Das,Vivaan ShahAvantika DassaniJaved Jaffrey,Yadunath Films,3
Aachari Baa,Hardik Gajjar,Neena GuptaVatsal ShethApoorva AroraKabir Bedi,"Jio Studios, Hardik Gajjar Films, Backbencher Pictures",3
Baida,Puneet Sharma,Sudhanshu RaiManisha RaiShobhit Sujay,MNM Entertainment,3
Tumko Meri Kasam,Vikram Bhatt,Anupam KherIshwak SinghAdah SharmaEsha Deol,Indira Entertainment,3
Pintu Ki Pappi,Shiv Hare,ShushantJaanyaa JoshiViidhiGanesh AcharyaMurali SharmaVijay Raaz,"Mythri Movie Makers, V2S Production & Entertainment",3
Sikandar,AR Murugadoss,Salman KhanKajal AggarwalRashmika MandannaSathyarajPrateik Babbar,"Nadiadwala Grandson Entertainment, Salman Khan Films",3
Jaat,Gopichand Malineni,Sunny DeolRandeep HoodaRegina CassandraSaiyami Kher,"Mythri Movie Makers, People Media Factory",4
Chhorii 2,Vishal Furia,Nushrratt BharucchaSoha Ali KhanGashmeer MahajaniSaurabh GoyalPallavi AjayKuldeep SareenHardika Sharma,"T-Series Films, Abundantia Entertainment, Pshych Film, Tamarisk Lane, Amazon Prime Video",4
Kesari Chapter 2,Karan Singh Tyagi,Akshay KumarR. MadhavanAnanya Panday,"Dharma Productions, Cape Of Good Films, Leo Media Collective",4
Logout,Amit Golani,Babil KhanRasika DugalGandharv DewanNimisha Nair,"Viacom18 Studios, Posham Pa Pictures, ZEE5",4
The Secret of Devkaali,Niraj Chauhan,Niraj ChauhanBhumika GurungMahesh ManjrekarRamkrishan Dhakad,Chauhan Production,4
Ground Zero,Tejas Prabha Vijay Deoskar,Emraan HashmiSai TamhankarZoya HussainMukesh TiwariLalit Prabhakar,"Excel Entertainment, Dreamzkrraft Entertainment, Talisman Films",4
Jewel Thief,Kookie GulatiRobbie Garewal,Saif Ali KhanJaideep AhlawatNikita DuttaKunal Kapoor,"Marflix Pictures, Netflix",4
Phule,Anant Mahadevan,Pratik GandhiPatralekha,"Zee Studios, Dancing Shiva Films, Kingsmen Productions",4
Oye Bhootni Ke,Ajay Kailash Yadav,Mahaakshay ChakrabortyNikita SharmaDiana KhanAshoka ThackurChahat Mughal,"Sahatyam Films, Vision Motion Films",4
Raid 2,Raj Kumar Gupta,Ajay DevgnRiteish DeshmukhVaani Kapoor,"T-Series Films, Panorama Studios",4
The Bhootnii,Sidhaant Sachdev,Sanjay DuttMouni RoySunny SinghPalak TiwariBeyounickAasif Khan,"Soham Rockstar Entertainment, Three Dimension Motion Pictures",4
Costao,Sejal Shah,Nawazuddin SiddiquiPriya BapatKishore Kumar GGagan Dev Riar,"Bhanushali Studios, Bombay Fables, ZEE5",4
The Networker,Vikas Kumar Vishwakarma,Vikram KochharDurgesh KumarIshtiyak KhanRishabh PathakBrijendra KalaVindhya TiwariNikhat Khan,"Gutargoo Entertainment, Navritu Films",4
Romeo S3,Guddu Dhanoa,Thakur Anoop SinghPalak Tiwari,"Pen Studios, Wild River Pictures",4
Bhool Chuk Maaf,Karan Sharma,Rajkummar RaoWamiqa Gabbi,"Amazon MGM Studios, Maddock Films",4
Kapkapiii,Sangeeth Sivan,Tusshar KapoorShreyas TalpadeJay ThakkarSiddhi Idnani,"Zee Studios, Bravo Entertainment",4
Pune Highway,Rahul da CunhaBugs Bhargava Krishna,Jim SarbhAmit SadhManjari FadnisKetaki Narayan,"Drop D Films, Ten Years Younger Productions",4
Kesari Veer,Prince Dhiman,Suniel ShettyVivek OberoiSooraj PancholiAkansha Sharma,Chauhan Studios,4
Chidiya,Mehran Amrohi,Vinay PathakAmruta Subhash Svar KambleAyush Pathak,"Smiley Films, Key Media Works",4
Interrogation,Ajoy Varma Raja,Manu SinghRajpal Yadav Darshan JariwalaYashpal SharmGirish Kulkarni,"Aryan Brothers Entertainment Film, Naam Mein Kya Rakha Hai Production, ZEE5",4
Stolen,Karan Tejpal,Abhishek BanerjeeHarish KhannaMia MaelzerSahidur RahamanShubham Vardhan,"Jungle Book Studio, Amazon Prime Video",4
Housefull 5,Tarun Mansukhani,Akshay KumarRiteish DeshmukhSanjay DuttAbhishek BachchanNana PatekarFardeen KhanDino MoreaChunky PandeyJackie ShroffNikitin DheerShreyas TalpadeRanjeetJohnny LeverJacqueline FernandezNargis FakhriSonam BajwaChitrangda SinghSoundarya Sharma,Nadiadwala Grandson Entertainment,4
Sitaare Zameen Par,R. S. Prasanna,Aamir KhanGenelia Deshmukh,Aamir Khan Productions,4
Detective Sherdil,Ravi Chhabriya,Diljit DosanjhDiana PentyBoman IraniChunky PandayRatna Pathak ShahBanita SandhuSumeet Vyas,"AAZ Films, Offside Entertainment, Maurya Entertainment, ZEE5",4
Maa,Vishal Furia,KajolRonit RoyIndraneil SenguptaKherin Sharma,"Jio Studios, Devgn Films, Panorama Studios",4
Well Done CA Sahab!,Sarvesh Kumar Singh,Gopal DattGaurav PaswalaJyoti KapoorSayandeep SenguptaNishma SoniArchan TrivediMakrand ShuklaSamar JajoriyaSam JajoriyaRama Krishna Dixit,Figures and Frames,4
Metro... In Dino,Anurag Basu,Aditya Roy KapurSara Ali KhanAnupam KherNeena GuptaPankaj TripathiKonkona Sen SharmaAli FazalFatima Sana Shaikh,"T-Series Films, Anurag Basu Productions",5
Kaalidhar Laapata,Madhumita,Abhishek BachchanDaivik BhagelaMohammed Zeeshan Ayyub,"Zee Studios, Emmay Entertainment, ZEE5",5
Akshardham: Operation Vajra Shakti,Ken Ghosh,Akshaye Khanna Gautam RodeVivek DahiyaAkshay OberoiAbhilash ChaudharyParvin DabasSamir SoniAbhimanyu SinghMir SarwarManjari FadnisChandan RoyShivam Bhaargava,"Zee Studios, Contiloe Pictures",5
Maalik,Pulkit,Rajkummar RaoManushi ChhillarProsenjit Chatterjee,"Tips Industries, Northern Lights Films",5
Aankhon Ki Gustaakhiyan,Santosh Singh,Vikrant MasseyShanaya Kapoor,"Zee Studios, Mini Films",5
Aap Jaisa Koi,Vivek Soni,R. MadhavanFatima Sana Shaikh,"Dharmatic Entertainment, Netflix",5
Saiyaara,Mohit Suri,Ahaan PandayAneet Padda,Yash Raj Films,5
Tanvi the Great,Anupam Kher,Anupam KherShubhangi DuttIain GlenBoman IraniJackie ShroffArvind SwamiPallavi JoshiKaran TackerNassar,"Excel Entertainment, NFDC, Anupam Kher Studio",5
Nikita Roy,Kussh Sinha,Sonakshi SinhaArjun RampalParesh RawalSuhail Nayyar,"Nicky Vicky Bhagnani Films, Kratos Entertainment, Nikita Pai Films",5
Murderbaad,Arnab Chatterjee,Nakul Roshan SahdevKanikka KapurSharib HashmiAmole GupteSaloni Batra,"Reliance Entertainment, ACjee Entertainment",5
Sant Tukaram,Aditya Om,Subodh BhaveSheena ChohanSanjay MishraArun Govil,Curzon Films,5
Mahavatar Narsimha[α],Ashwin Kumar,Animated characters,"Hombale Films, Kleem Productions",5
So Long Valley,Man Singh,Tridha ChoudhuryAkanksha PuriVikram KochharAlisha ParveenPankaj Choudhary,Sourya Studios,5
Sarzameen,Kayoze Irani,Prithviraj SukumaranKajolIbrahim Ali Khan,"Star Studios, Dharma Productions, JioHotstar",5
Rasa,Angith JayarajPreetish Jayaraj,Shishir SharmaRishi BissaVishishtha ChawlaRajiv Kumar,"Purnam Films, Haroon Rashid Films, Vidya Entertainment",5
Dhadak 2,Shazia Iqbal,Siddhant ChaturvediTriptii Dimri,"Zee Studios, Dharma Productions, Cloud 9 Pictures",5
Son of Sardaar 2,Vijay Kumar Arora,Ajay DevgnMrunal ThakurRavi Kishan,"Jio Studios, Devgn Films, YRV Studios",5
Andaaz 2,Suneel Darshan,Aayush KumarAkaishaNatasha Fernandez,Shree Krishna International,5
Udaipur Files,Bharat Shrinat,Vijay RaazRajneesh DuggalPreeti JhangianiKanchi SinghKamlesh Sawant,Jani Firefox Films,5
Ghich Pich,Ankur Singla,Nitesh PandeySatyajit SharmaGeeta Agrawal SharmaKabir NandaAryan Singh RanaShhivam Kakar,"Barsaati Films, Platoon One Films",5
War 2,Ayan Mukerji,Hrithik RoshanN. T. Rama Rao Jr.Kiara Advani,Yash Raj Films,5
Tehran,Arun Gopalan,John AbrahamNeeru BajwaManushi Chhillar,"Maddock Films, Bake My Cake Films, ZEE5",5
Param Sundari,Tushar Jalota,Sidharth MalhotraJanhvi Kapoor,Maddock Films,5
Songs of Paradise,Danish Renzu,Soni RazdanSaba AzadZain Khan DurraniSheeba ChaddhaTaaruk Raina,"Excel Entertainment, Renzu Films, Apple Tree Pictures, Amazon Prime Video",5
Baaghi 4,A. Harsha,Tiger ShroffSanjay DuttSonam BajwaHarnaaz Sandhu,Nadiadwala Grandson Entertainment,5
The Bengal Files,Vivek Agnihotri,Mithun ChakrabortyAnupam KherPuneet IssarGovind NamdevBabbu MaanPallavi JoshiPalomi Ghosh,"Abhishek Agarwal Arts, I Am Buddha",5
Inspector Zende,Chinmay Mandlekar,Manoj BajpayeeJim SarbhBhalchandra KadamSachin KhedekarGirija OakHarish Dudhade,"Northern Lights Films, Netflix",5
Ufff Yeh Siyapaa,G. Ashok,Soham ShahNushrratt BharucchaNora FatehiOmkar KapoorSharib Hashmi,Luv Films,5
Humans in the Loop,Aranya Sahay,Sonal MadhushankarRidhima SinghGita Guha,"Storiculture, Museum of Imagined Futures, SAUV Films",5
Heer Express,Umesh Shukla,Divita JunejaAshutosh RanaSanjay MishraGulshan GroverPrit Kamani,"Tulip Entertainment, Divisa Entertainment, Merry Go Round Studios",5
Love in Vietnam,Rahat Shah Kazmi,Shantanu MaheshwariAvneet KaurKhả Ngân,"Zee Studios, Blue Lotus Creatives, Innovations India, Rahat Kazmi Film Studios, Zebaish Entertainment, Tariq Khan Productions, Mango Tree Entertainment",5
Ek Chatur Naar,Umesh Shukla,Divya Khosla KumarNeil Nitin Mukesh,"T-Series Films, Merry Go Round Studios",5
Jugnuma: The Fable,Raam Reddy,Manoj BajpayeeDeepak DobriyalPriyanka BoseTillotama ShomeHiral SidhuAwan Pookot,"Prspctvs Productions, Maxmedia, Flip Films, Sikhya Entertainment",5
Aabeer Gulaal,Aarti S. Bagdi,Fawad KhanVaani Kapoor,"A Richer Lens Entertainment, Aarjay Pictures",5
Mannu Kya Karegga,Ssanjay Tripaathy,Vyom YadavSaachi BindraVinay PathakKumud MishraRajesh KumarCharu ShankarBrijendra Kala,Curious Eyes Cinema,5
Jolly LLB 3,Subhash Kapoor,Akshay KumarArshad WarsiHuma QureshiAmrita RaoSaurabh ShuklaGajraj Rao,"Star Studio18, Kangra Talkies",5
Nishaanchi,Anurag Kashyap,Aaishvary ThackerayVedika PintoMonika PanwarMohammed Zeeshan Ayyub,"Amazon MGM Studios, JAR Pictures, Flip Films",5
Ajey: The Untold Story of a Yogi,Ravindra Gautam,Anant JoshiParesh RawalDinesh Lal Yadav,Samrat Cinematics,5
Homebound,Neeraj Ghaywan,Ishaan KhatterVishal JethwaJanhvi Kapoor,Dharma Productions,5
Tu Meri Poori Kahani,Suhrita Das,Arhaan PateelShammi DuhanHirranya Ojha,Indira Entertainment,5
Sunny Sanskari Ki Tulsi Kumari,Shashank Khaitan,Varun DhawanJanhvi KapoorSanya MalhotraRohit Saraf,"Dharma Productions, Mentor Disciple Entertainment",6
Lord Curzon Ki Haveli,Anshuman Jha,Arjun MathurRasika DugalTanmay DhananiaZoha Rahman,"Golden Ratio Films, First Ray Films, Jetty Productions",6
Controll,Safdar Abbas,Thakur Anoop SinghRohit RoyPriya Anand,"Pen Studios, Yashi Studios",6
Bhagwat: Chapter One – Raakshas,Akshay Shere,Arshad WarsiJitendra KumarAyesha Kaduskar,"Jio Studios, Baweja Studios, Dog ‘n’ Bone Pictures. ZEE5",6
Greater Kalesh,Aditya Chandiok,Ahsaas ChannaSupriya Shukla,"Terrible Tinny Tales, Netflix",6
WingMan (The Universal Irony of Love),Anuj Gulati,Shashank AroraTrimala AdhikariAuritra Ghosh,Lionsgate Play,6
Thamma,Aditya Sarpotdar,Ayushmann KhurranaRashmika MandannaNawazuddin SiddiquiParesh Rawal,Maddock Films,6
Ek Deewane Ki Deewaniyat,Milap Zaveri,Harshvardhan RaneSonam Bajwa,"Desi Movies Factory, Play DMF",6
The Taj Story,Tushar Amrish Goel,Paresh RawalZakir HussainAmruta KhanvilkarSneha WaghNamit Das,Swarnim Global Services,6
Single Salma,Nachiket Samant,Huma QureshiSunny SinghShreyas Talpade,"Star Studio18, Elemen3 Entertainment",6
Haq,Suparn Verma,Emraan HashmiYami Gautam,"Junglee Pictures, Insomnia Films, Baweja Studios",6
Jatadhara[β],Venkat KalyanAbhishek Jaiswal,Sudheer BabuSonakshi SinhaDivya Khosla Kumar,"Zee Studios, Ess Kay Gee Entertainment, Sudheer Babu Productions",6
Jassi Weds Jassi,Paran Bawa,Harshh Vardhan Singh DeoRehmat RattanRanvir ShoreySikandar KherManu Rishi Chadha,Divinity Studio,6
Baramulla,Aditya Suhas Jambhale,Manav KaulBhasha Sumbli,"Jio Studios, B62 Studios, Netflix",6
De De Pyaar De 2,Anshul Sharma,Ajay DevgnR. MadhavanRakul Preet Singh,"T-Series Films, Luv Films",6
Agra,Kanu Behl,Mohit AgarwalPriyanka BoseRuhani SharmaRahul Roy,"Saregama, UFO Moviez, O28 Films",6
2020 Delhi,Devendra Malviya,Brijendra KalaSamar Jai SinghSiddharth Bharadwaj,Midas Touch Films,6
Kaal Trighori,Nitin Vaidya,Arbaaz KhanRituparna SenguptaMahesh ManjrekarAditya SrivastavaMugdha GodseRajesh Sharma,"Pen Studios, Navin Productions",6
Nishaanchi 2,Anurag Kashyap,Aaishvary ThackerayVedika PintoMonika PanwarMohammed Zeeshan Ayyub,"Amazon MGM Studios, JAR Pictures, Flip Films, Amazon Prime Video",6
120 Bahadur,Razneesh ‘Razy’ Ghai,Farhan AkhtarRaashii Khanna,"Excel Entertainment, Trigger Happy Studios",6
Mastiii 4,Milap Zaveri,Riteish DeshmukhVivek OberoiAftab ShivdasaniArshad WarsiTusshar KapoorShreya SharmaElnaaz NorouziRuhi Singh,"Balaji Motion Pictures, Waveband Production, Maruti International",6
Tere Ishk Mein,Aanand L. Rai,DhanushKriti Sanon,"T-Series Films, Colour Yellow Productions",6
Gustaakh Ishq,Vibhu Puri,Naseeruddin ShahFatima Sana ShaikhVijay VarmaSharib Hashmi,Stage 5 Productions,6
Me No Pause Me Play,Samar K Mukharjee,Kamya PanjabiDeepshikha NagpalManoj Kumar SharmaAman VermaSudha Chandran,"Digi Filming, Mirrro Films",6
Kaisi Ye Paheli,Ananyabrata Chakravorty,Rajit KapoorSukant GoelChittaranjan GiriSadhana Singh,Take Pictures,6
Dhurandhar,Aditya Dhar,Ranveer SinghAkshaye KhannaSanjay DuttArjun RampalR. MadhavanSara ArjunRakesh Bedi,"Jio Studios, B62 Studios",6
Kis Kisko Pyaar Karoon 2,Anukalp Goswami,Kapil SharmaManjot SinghHira WarinaTridha ChoudhuryParul GulatiAyesha Khan,"Star Studio18, Venus Worldwide Entertainment, Abbas-Mustan Film Production",6
Saali Mohabbat,Tisca Chopra,Radhika ApteDivyennduAnshumaan PushkarAnurag Kashyap,"Stage 5 Prdoction, Jio Studios, ZEE5",6
The Great Shamsuddin Family,Anusha Rizvi,Kritika KamraShreya DhanwantharySheeba ChaddhaFarida JalalPurab Kohli,"Star Studio18, Third World Films Production, JioHotstar",6
Raat Akeli Hai: The Bansal Murders,Honey Trehan,Nawazuddin SiddiquiRadhika ApteChitrangada SinghRajat KapoorRevathiDeepti NavalSanjay Kapoor,"RSVP Movies, MacGuffin Pictures",6
Durlabh Prasad Ki Dusri Shadi,Siddhant Raj Singh,Sanjay MishraMahima Chaudhry,Eksha Entertainment,6
Tu Meri Main Tera Main Tera Tu Meri,Sameer Vidwans,Kartik AaryanAnanya PandayNeena GuptaJackie Shroff,"Dharma Productions, Namah Pictures",6
