Name,Director,Cast_1,Cast_2,Cast_3,Studio
The Rabbit House,Vaibhav Kulkarni,Amit Riyaan,Karishma,Padmanabh,Geetai Productions
Fateh,Sonu Sood,Sonu Sood,Naseeruddin Shah,Jacqueline Fernandez,Zee Studios
Match Fixing,Kedar Gaekwad,Vineet Kumar Singh,Raj Arjun,Shataf Figar,Artarena Creations
Emergency,Kangana Ranaut,Kangana Ranaut,Anupam Kher,Shreyas Talpade,Zee Studios
Azaad,Abhishek Kapoor,Ajay Devgn,Diana Penty,Aaman Devgan,RSVP Movies
Mission Grey House,Naushad Siddiqui,Abeer Khan,Puja Sharma,Rajesh Sharma,Reliance Entertainment
Sangee,Sumit Kulkarni,Sharib Hashmi,Sanjay Bishnoi,Gaurav More,Yantrana Films
Hisaab Barabar,Ashwni Dhir,R. Madhavan,Neil Nitin Mukesh,Kirti Kulhari,Jio Studios
Sky Force,Sandeep KewlaniAbhishek Anil Kapur,Akshay Kumar,Veer Pahariya,Sara Ali Khan,Jio Studios
Sweet Dreams,Victor Mukherjee,Amol Parashar,Mithila Palkar,,Jio Studios
The Storyteller,Anant Mahadevan,Paresh Rawal,Adil Hussain,Revathi,Jio Studios
Deva,Rosshan Andrrews,Shahid Kapoor,Pooja Hegde,,Zee Studios
Loveyapa,Advait Chandan,Khushi Kapoor,Junaid Khan,,Zee Studios
Badass Ravi Kumar,Keith Gomes,Himesh Reshammiya,Prabhu Deva,Kirti Kulhari,Himesh Reshammiya Melodies
Mrs.,Aarti Kadav,Sanya Malhotra,Nishant Dahiya,Kanwaljit Singh,Jio Studios
The Mehta Boys,Boman Irani,Boman Irani,Avinash Tiwary,,Irani Movietone
Bobby Aur Rishi Ki Love Story,Kunal Kohli,Vardhan Puri,Kaveri Kapur,,Jio Studios
Chhaava,Laxman Utekar,Vicky Kaushal,Rashmika Mandanna,Akshaye Khanna,Maddock Films
Dhoom Dhaam,Rishab Seth,Pratik Gandhi,Yami Gautam,,Jio Studios
Mere Husband Ki Biwi,Mudassar Aziz,Arjun Kapoor,Rakul Preet Singh,Bhumi Pednekar,Pooja Entertainment
Kaushaljis vs Kaushal,Seemaa Desai,Ashutosh Rana,Sheeba Chadha,Isha Talwar,Jio Studios
Shaila,Saki Shah,Rohit Chaudhary,Sara Khan,Sonam Arora,Reliance Entertainment
Crazxy,Girish Kohli,Sohum Shah,,,Sohum Shah Films
Superboys of Malegaon,Reema Kagti,Adarsh Gourav,Vineet Kumar Singh,Shashank Arora,Amazon MGM Studios
Dil Dosti Aur Dogs,Viral Shah,Neena Gupta,Masumeh Makhija,Sharad Kelkar,Jio Studios
Nadaaniyan,Shauna Gautam,Ibrahim Ali Khan,Khushi Kapoor,Mahima Chaudhry,Dharmatic Entertainment
Riwaj,Manoj Sati,Myra Sareen,Aftab Shivdasani,Adhvik Mahajan,Kashish Khan Production
The Diplomat,Shivam Nair,John Abraham,Sadia Khateeb,Revathy,T-Series Films
My Melbourne,Kabir KhanRima DasOnirImtiaz Ali,Ryanna Skye,Kat Stewart,Jake Ryan,Screen Australia
Be Happy,Remo D'Souza,Abhishek Bachchan,Nora Fatehi,Nassar,Remo D'Souza Entertainment
Inn Galiyon Mein,Avinash Das,Vivaan Shah,Avantika Dassani,Javed Jaffrey,Yadunath Films
Aachari Baa,Hardik Gajjar,Neena Gupta,Vatsal Sheth,Apoorva Arora,Jio Studios
Baida,Puneet Sharma,Sudhanshu Rai,Manisha Rai,Shobhit Sujay,MNM Entertainment
Tumko Meri Kasam,Vikram Bhatt,Anupam Kher,Ishwak Singh,Adah Sharma,Indira Entertainment
Pintu Ki Pappi,Shiv Hare,Shushant,Jaanyaa Joshi,Viidhi,Mythri Movie Makers
Sikandar,AR Murugadoss,Salman Khan,Kajal Aggarwal,Rashmika Mandanna,Nadiadwala Grandson Entertainment
Jaat,Gopichand Malineni,Sunny Deol,Randeep Hooda,Regina Cassandra,Mythri Movie Makers
Chhorii 2,Vishal Furia,Nushrratt Bharuccha,Soha Ali Khan,Gashmeer Mahajani,T-Series Films
Kesari Chapter 2,Karan Singh Tyagi,Akshay Kumar,R. Madhavan,Ananya Panday,Dharma Productions
Logout,Amit Golani,Babil Khan,Rasika Dugal,Gandharv Dewan,Viacom18 Studios
The Secret of Devkaali,Niraj Chauhan,Niraj Chauhan,Bhumika Gurung,Mahesh Manjrekar,Chauhan Production
Ground Zero,Tejas Prabha Vijay Deoskar,Emraan Hashmi,Sai Tamhankar,Zoya Hussain,Excel Entertainment
Jewel Thief,Kookie GulatiRobbie Garewal,Saif Ali Khan,Jaideep Ahlawat,Nikita Dutta,Marflix Pictures
Phule,Anant Mahadevan,Pratik Gandhi,Patralekha,,Zee Studios
Oye Bhootni Ke,Ajay Kailash Yadav,Mahaakshay Chakraborty,Nikita Sharma,Diana Khan,Sahatyam Films
Raid 2,Raj Kumar Gupta,Ajay Devgn,Riteish Deshmukh,Vaani Kapoor,T-Series Films
The Bhootnii,Sidhaant Sachdev,Sanjay Dutt,Mouni Roy,Sunny Singh,Soham Rockstar Entertainment
Costao,Sejal Shah,Nawazuddin Siddiqui,Priya Bapat,Kishore Kumar GGagan Dev Riar,Bhanushali Studios
The Networker,Vikas Kumar Vishwakarma,Vikram Kochhar,Durgesh Kumar,Ishtiyak Khan,Gutargoo Entertainment
Romeo S3,Guddu Dhanoa,Thakur Anoop Singh,Palak Tiwari,,Pen Studios
Bhool Chuk Maaf,Karan Sharma,Rajkummar Rao,Wamiqa Gabbi,,Amazon MGM Studios
Kapkapiii,Sangeeth Sivan,Tusshar Kapoor,Shreyas Talpade,Jay Thakkar,Zee Studios
Pune Highway,Rahul da CunhaBugs Bhargava Krishna,Jim Sarbh,Amit Sadh,Manjari Fadnis,Drop D Films
Kesari Veer,Prince Dhiman,Suniel Shetty,Vivek Oberoi,Sooraj Pancholi,Chauhan Studios
Chidiya,Mehran Amrohi,Vinay Pathak,Amruta Subhash Svar Kamble,Ayush Pathak,Smiley Films
Interrogation,Ajoy Varma Raja,Manu Singh,Rajpal Yadav Darshan Jariwala,Yashpal Sharm,Aryan Brothers Entertainment Film
Stolen,Karan Tejpal,Abhishek Banerjee,Harish Khanna,Mia Maelzer,Jungle Book Studio
Housefull 5,Tarun Mansukhani,Akshay Kumar,Riteish Deshmukh,Sanjay Dutt,Nadiadwala Grandson Entertainment
Sitaare Zameen Par,R. S. Prasanna,Aamir Khan,Genelia Deshmukh,,Aamir Khan Productions
Detective Sherdil,Ravi Chhabriya,Diljit Dosanjh,Diana Penty,Boman Irani,AAZ Films
Maa,Vishal Furia,Kajol,Ronit Roy,Indraneil Sengupta,Jio Studios
Well Done CA Sahab!,Sarvesh Kumar Singh,Gopal Datt,Gaurav Paswala,Jyoti Kapoor,Figures and Frames
Metro... In Dino,Anurag Basu,Aditya Roy Kapur,Sara Ali Khan,Anupam Kher,T-Series Films
Kaalidhar Laapata,Madhumita,Abhishek Bachchan,Daivik Bhagela,Mohammed Zeeshan Ayyub,Zee Studios
Akshardham: Operation Vajra Shakti,Ken Ghosh,Akshaye Khanna Gautam Rode,Vivek Dahiya,Akshay Oberoi,Zee Studios
Maalik,Pulkit,Rajkummar Rao,Manushi Chhillar,Prosenjit Chatterjee,Tips Industries
Aankhon Ki Gustaakhiyan,Santosh Singh,Vikrant Massey,Shanaya Kapoor,,Zee Studios
Aap Jaisa Koi,Vivek Soni,R. Madhavan,Fatima Sana Shaikh,,Dharmatic Entertainment
Saiyaara,Mohit Suri,Ahaan Panday,Aneet Padda,,Yash Raj Films
Tanvi the Great,Anupam Kher,Anupam Kher,Shubhangi Dutt,Iain Glen,Excel Entertainment
Nikita Roy,Kussh Sinha,Sonakshi Sinha,Arjun Rampal,Paresh Rawal,Nicky Vicky Bhagnani Films
Murderbaad,Arnab Chatterjee,Nakul Roshan Sahdev,Kanikka Kapur,Sharib Hashmi,Reliance Entertainment
Sant Tukaram,Aditya Om,Subodh Bhave,Sheena Chohan,Sanjay Mishra,Curzon Films
Mahavatar Narsimha,Ashwin Kumar,Animated characters,,,Hombale Films
So Long Valley,Man Singh,Tridha Choudhury,Akanksha Puri,Vikram Kochhar,Sourya Studios
Sarzameen,Kayoze Irani,Prithviraj Sukumaran,Kajol,Ibrahim Ali Khan,Star Studios
Rasa,Angith JayarajPreetish Jayaraj,Shishir Sharma,Rishi Bissa,Vishishtha Chawla,Purnam Films
Dhadak 2,Shazia Iqbal,Siddhant Chaturvedi,Triptii Dimri,,Zee Studios
Son of Sardaar 2,Vijay Kumar Arora,Ajay Devgn,Mrunal Thakur,Ravi Kishan,Jio Studios
Andaaz 2,Suneel Darshan,Aayush Kumar,Akaisha,Natasha Fernandez,Shree Krishna International
Udaipur Files,Bharat Shrinat,Vijay Raaz,Rajneesh Duggal,Preeti Jhangiani,Jani Firefox Films
Ghich Pich,Ankur Singla,Nitesh Pandey,Satyajit Sharma,Geeta Agrawal Sharma,Barsaati Films
War 2,Ayan Mukerji,Hrithik Roshan,N. T. Rama Rao Jr.Kiara Advani,,Yash Raj Films
Tehran,Arun Gopalan,John Abraham,Neeru Bajwa,Manushi Chhillar,Maddock Films
Param Sundari,Tushar Jalota,Sidharth Malhotra,Janhvi Kapoor,,Maddock Films
Songs of Paradise,Danish Renzu,Soni Razdan,Saba Azad,Zain Khan Durrani,Excel Entertainment
Baaghi 4,A. Harsha,Tiger Shroff,Sanjay Dutt,Sonam Bajwa,Nadiadwala Grandson Entertainment
The Bengal Files,Vivek Agnihotri,Mithun Chakraborty,Anupam Kher,Puneet Issar,Abhishek Agarwal Arts
Inspector Zende,Chinmay Mandlekar,Manoj Bajpayee,Jim Sarbh,Bhalchandra Kadam,Northern Lights Films
Ufff Yeh Siyapaa,G. Ashok,Soham Shah,Nushrratt Bharuccha,Nora Fatehi,Luv Films
Humans in the Loop,Aranya Sahay,Sonal Madhushankar,Ridhima Singh,Gita Guha,Storiculture
Heer Express,Umesh Shukla,Divita Juneja,Ashutosh Rana,Sanjay Mishra,Tulip Entertainment
Love in Vietnam,Rahat Shah Kazmi,Shantanu Maheshwari,Avneet Kaur,Khả Ngân,Zee Studios
Ek Chatur Naar,Umesh Shukla,Divya Khosla Kumar,Neil Nitin Mukesh,,T-Series Films
Jugnuma: The Fable,Raam Reddy,Manoj Bajpayee,Deepak Dobriyal,Priyanka Bose,Prspctvs Productions
Aabeer Gulaal,Aarti S. Bagdi,Fawad Khan,Vaani Kapoor,,A Richer Lens Entertainment
Mannu Kya Karegga,Ssanjay Tripaathy,Vyom Yadav,Saachi Bindra,Vinay Pathak,Curious Eyes Cinema
Jolly LLB 3,Subhash Kapoor,Akshay Kumar,Arshad Warsi,Huma Qureshi,Star Studio18
Nishaanchi,Anurag Kashyap,Aaishvary Thackeray,Vedika Pinto,Monika Panwar,Amazon MGM Studios
Ajey: The Untold Story of a Yogi,Ravindra Gautam,Anant Joshi,Paresh Rawal,Dinesh Lal Yadav,Samrat Cinematics
Homebound,Neeraj Ghaywan,Ishaan Khatter,Vishal Jethwa,Janhvi Kapoor,Dharma Productions
Tu Meri Poori Kahani,Suhrita Das,Arhaan Pateel,Shammi Duhan,Hirranya Ojha,Indira Entertainment
Sunny Sanskari Ki Tulsi Kumari,Shashank Khaitan,Varun Dhawan,Janhvi Kapoor,Sanya Malhotra,Dharma Productions
Lord Curzon Ki Haveli,Anshuman Jha,Arjun Mathur,Rasika Dugal,Tanmay Dhanania,Golden Ratio Films
Controll,Safdar Abbas,Thakur Anoop Singh,Rohit Roy,Priya Anand,Pen Studios
Bhagwat: Chapter One – Raakshas,Akshay Shere,Arshad Warsi,Jitendra Kumar,Ayesha Kaduskar,Jio Studios
Greater Kalesh,Aditya Chandiok,Ahsaas Channa,Supriya Shukla,,Terrible Tinny Tales
WingMan,Anuj Gulati,Shashank Arora,Trimala Adhikari,Auritra Ghosh,Lionsgate Play
Thamma,Aditya Sarpotdar,Ayushmann Khurrana,Rashmika Mandanna,Nawazuddin Siddiqui,Maddock Films
Ek Deewane Ki Deewaniyat,Milap Zaveri,Harshvardhan Rane,Sonam Bajwa,,Desi Movies Factory
The Taj Story,Tushar Amrish Goel,Paresh Rawal,Zakir Hussain,Amruta Khanvilkar,Swarnim Global Services
Single Salma,Nachiket Samant,Huma Qureshi,Sunny Singh,Shreyas Talpade,Star Studio18
Haq,Suparn Verma,Emraan Hashmi,Yami Gautam,,Junglee Pictures
Jatadhara,Venkat KalyanAbhishek Jaiswal,Sudheer Babu,Sonakshi Sinha,Divya Khosla Kumar,Zee Studios
Jassi Weds Jassi,Paran Bawa,Harshh Vardhan Singh Deo,Rehmat Rattan,Ranvir Shorey,Divinity Studio
Baramulla,Aditya Suhas Jambhale,Manav Kaul,Bhasha Sumbli,,Jio Studios
De De Pyaar De 2,Anshul Sharma,Ajay Devgn,R. Madhavan,Rakul Preet Singh,T-Series Films
Agra,Kanu Behl,Mohit Agarwal,Priyanka Bose,Ruhani Sharma,Saregama
Delhi,Devendra Malviya,Brijendra Kala,Samar Jai Singh,Siddharth Bharadwaj,Midas Touch Films
Kaal Trighori,Nitin Vaidya,Arbaaz Khan,Rituparna Sengupta,Mahesh Manjrekar,Pen Studios
Nishaanchi 2,Anurag Kashyap,Aaishvary Thackeray,Vedika Pinto,Monika Panwar,Amazon MGM Studios
Bahadur,Razneesh ‘Razy’ Ghai,Farhan Akhtar,Raashii Khanna,,Excel Entertainment
Mastiii 4,Milap Zaveri,Riteish Deshmukh,Vivek Oberoi,Aftab Shivdasani,Balaji Motion Pictures
Tere Ishk Mein,Aanand L. Rai,Dhanush,Kriti Sanon,,T-Series Films
Gustaakh Ishq,Vibhu Puri,Naseeruddin Shah,Fatima Sana Shaikh,Vijay Varma,Stage 5 Productions
Me No Pause Me Play,Samar K Mukharjee,Kamya Panjabi,Deepshikha Nagpal,Manoj Kumar Sharma,Digi Filming
Kaisi Ye Paheli,Ananyabrata Chakravorty,Rajit Kapoor,Sukant Goel,Chittaranjan Giri,Take Pictures
Dhurandhar,Aditya Dhar,Ranveer Singh,Akshaye Khanna,Sanjay Dutt,Jio Studios
Kis Kisko Pyaar Karoon 2,Anukalp Goswami,Kapil Sharma,Manjot Singh,Hira Warina,Star Studio18
Saali Mohabbat,Tisca Chopra,Radhika Apte,Divyenndu,Anshumaan Pushkar,Stage 5 Prdoction
The Great Shamsuddin Family,Anusha Rizvi,Kritika Kamra,Shreya Dhanwanthary,Sheeba Chaddha,Star Studio18
Raat Akeli Hai: The Bansal Murders,Honey Trehan,Nawazuddin Siddiqui,Radhika Apte,Chitrangada Singh,RSVP Movies
Durlabh Prasad Ki Dusri Shadi,Siddhant Raj Singh,Sanjay Mishra,Mahima Chaudhry,,Eksha Entertainment
Tu Meri Main Tera Main Tera Tu Meri,Sameer Vidwans,Kartik Aaryan,Ananya Panday,Neena Gupta,Dharma Productions
